square_footage,bedrooms,bathrooms,year_built,distance_to_city_center,has_garage,price
2248,2,1.5,2006,13.481442411920042,0,454839
1930,2,1.0,1998,3.703427719988912,0,399741
2323,3,1.5,1994,1.5858051331565537,0,544205
2761,4,2.0,2015,2.547189556347806,1,646609
1882,2,2.5,1994,4.5639232693337775,0,448805
1882,5,2.0,1969,5.291427160727148,0,577689
2789,2,2.0,2013,0.8357039090052565,1,658105
2383,3,1.5,2016,18.86819626707896,1,467134
1765,4,3.0,1952,3.9347869262587882,0,527309
2271,4,2.0,2003,0.7291091596716346,1,589067
1768,4,1.0,2013,11.204405427085472,1,434175
1767,4,2.0,1989,0.38785366262969906,1,515335
2120,3,1.5,2008,11.915475512962544,1,370658
1043,4,2.0,2004,28.369647154727602,0,297246
1137,2,2.0,2011,6.027065858394027,1,348427
1718,4,2.5,1953,7.358111511937916,1,529060
1493,3,2.0,2009,2.0571858003267316,0,428419
2157,4,2.5,1979,14.200215551905522,0,512647
1545,3,3.0,1951,3.772070933206298,1,502980
1293,3,1.5,2011,6.591093887551974,0,326325
2732,3,1.5,1998,12.89220129329154,1,523680
1887,4,2.0,1958,18.480522656286226,0,426016
2033,2,2.0,1980,8.954929540418439,1,465675
1287,2,2.0,2010,1.804974930791714,1,412552
1727,3,3.0,1997,16.988146257894183,1,452847
2055,2,2.5,1974,4.945913984453673,1,509566
1424,4,2.0,1985,13.342403250150705,1,340978
2187,3,2.0,1957,5.636679847434948,1,582140
1699,5,2.5,2007,1.8353508077409664,1,512526
1854,3,3.0,1994,2.310371937825306,1,513160
1699,2,2.5,2011,3.997783198644005,1,479039
2926,4,1.0,1988,7.80359212428438,1,660041
1993,3,2.0,2007,1.9135001846049522,1,492091
1471,3,1.0,2013,4.334303459180415,1,373786
2411,3,1.5,1993,2.1203734377047425,0,556669
1389,4,1.0,1978,8.457835351693625,1,404868
2104,3,2.0,2008,3.1436192093526234,1,528709
1020,5,2.0,1958,0.3991289681252438,1,502788
1335,5,1.5,1955,0.9079242700197476,1,470816
2098,3,2.0,1978,0.3152563655017698,1,576757
2369,2,2.0,2007,3.4587702172744503,1,577507
2085,3,2.0,1966,0.5621343254956376,0,555353
1942,2,1.5,1965,0.6059815988090717,0,531417
1849,2,2.0,1952,14.155180682729561,1,464955
1260,3,2.5,1970,10.304279534900239,1,419103
1640,3,1.0,2013,3.008190139497681,0,430182
1769,4,1.0,1985,21.27444046178194,0,375817
2528,4,2.0,2011,0.0009327278460295929,0,661915
2171,4,3.0,1991,4.75932344421949,1,602180
1118,3,2.0,1991,4.7911419687955314,1,430833
2162,3,2.0,2010,3.0573111646881355,1,570144
1807,3,2.0,1962,2.5287590280129097,1,545224
1661,5,2.0,1960,3.0383636621086647,1,594531
2305,2,1.0,2003,2.6803790170205195,1,538985
2515,4,2.0,1965,6.555794880777391,1,616577
2465,3,3.0,1957,0.7271838198971842,0,638558
1580,3,2.0,2008,1.1009846131532068,1,432310
1845,4,2.5,2006,0.995415621777453,1,469221
2165,3,2.5,1989,1.5222465349109735,1,549062
2487,4,1.5,2008,3.724923312654393,0,575111
1760,5,3.0,1951,0.5894644122240854,0,610910
1907,3,1.0,1959,10.13118359953423,0,449728
1446,3,2.0,1993,1.7645639436993266,1,484382
1401,3,1.5,1960,0.8868968724160998,1,440895
2406,5,1.0,1951,5.629218240828006,0,593168
2678,3,2.0,1999,0.19415270951638003,1,684203
1963,3,1.5,1961,4.837506528338954,1,542191
2501,3,2.0,1972,5.989927663914241,0,581991
2180,4,2.0,1967,1.209826187043167,1,620009
1677,2,1.0,2011,0.21435000044922992,0,382286
2180,4,1.5,2011,2.259996296439065,1,546274
2769,5,2.0,1987,0.5189988393035736,1,704834
1982,2,2.0,2016,0.6191945821277707,1,534145
2782,3,2.5,1987,1.4668995815196448,0,594352
690,5,2.0,2016,1.7511070970312148,1,410634
2410,2,2.5,2010,3.7747974102963813,1,555386
2043,4,2.0,1950,5.672107551753893,1,553772
1850,3,2.0,1994,4.491897265033307,0,436291
2045,3,2.0,1977,0.80295886352191,0,547929
1006,4,1.5,1970,0.9442301696177863,0,362262
1890,3,2.0,1962,10.550297614735554,0,465944
2178,3,2.5,1976,4.086214038285686,1,569271
2738,3,2.0,1956,10.198713671762372,1,677016
1740,3,2.5,1971,2.3224662869068595,1,555441
1595,2,2.5,2002,4.76477367758926,0,395636
1749,3,2.5,1953,3.7081528275280915,1,530928
2457,5,3.0,1972,1.9218716264126958,0,608079
2164,3,2.0,2019,3.1735930488720996,1,467559
1735,3,2.0,1982,3.490706922576559,1,462924
2256,3,2.0,1977,1.1205386721762371,1,628490
2048,4,2.0,1957,1.8917579149518393,1,623143
2484,2,2.0,1950,7.8369174005544275,0,588918
1648,5,2.5,1986,12.37210346772935,1,442110
1836,3,2.0,2012,2.2298271276828685,1,469901
1803,3,2.0,1971,1.833426418898507,1,503548
1268,2,1.5,2019,1.0857897824829967,1,372291
2148,2,2.0,1970,5.673651332383498,1,535960
2130,3,1.5,1984,1.951156433662318,0,502185
2002,3,2.5,1954,22.01095859071573,1,493221
1882,4,2.0,2009,1.970288123305902,0,504316
1292,3,1.5,1995,2.5054990887896995,1,395907
1789,3,1.0,1999,4.623305784357475,1,479361
1828,3,2.0,1997,8.089475196437736,0,484481
1598,4,2.0,1955,3.1698525299374447,1,570692
1919,2,2.0,2005,2.7465853073639663,1,502836
2202,2,1.0,2008,27.17393231550718,1,404268
2943,2,2.0,1978,0.05274543811787848,1,674982
2087,4,2.0,1967,11.272084604024098,1,579580
2128,3,2.0,1951,0.8075432349648771,1,571051
1962,3,2.0,1957,7.707150741571912,1,565179
1040,4,2.0,2003,4.8107776185862825,1,379317
1986,4,1.5,1987,2.0915914283830475,1,596670
2030,3,3.0,1997,10.352407238252471,1,527384
3231,4,2.0,1976,0.06495625012789026,1,765289
1903,3,2.0,1969,1.2853805954250532,0,516928
2150,2,1.5,1961,4.183849989520611,0,542849
1982,3,2.0,1992,2.1657922159640735,0,522784
1415,2,1.0,2010,4.712884726626766,1,370735
2571,3,2.0,1980,0.12202801012863904,1,646794
2375,5,3.0,2010,0.6190875163962631,1,664046
2395,2,2.0,2016,0.6796498500977171,1,517951
1545,2,1.0,1984,1.0491851719903673,0,443280
2701,3,1.0,1964,3.074744163060525,1,665412
1299,5,2.0,1965,6.974228086453284,1,509578
2293,3,1.5,1962,11.797832561669342,1,532991
3095,3,1.0,1984,9.02035058480671,1,659319
1504,2,2.5,2008,1.096304690703398,1,444770
1716,2,2.0,1970,2.9093758315319085,1,514017
2049,5,1.5,2003,1.1120415943100523,1,583163
1748,5,3.0,1979,1.5358321053568607,1,532334
1224,2,1.5,1997,3.5013321268787942,1,389324
2034,5,3.0,1984,0.35269725228122045,0,648463
1468,3,2.0,1987,1.2306174557878633,1,484399
2236,4,2.5,1980,13.696014325308665,1,602561
1540,3,2.0,1973,3.1378862012635746,1,512602
2774,3,2.5,1998,2.947419255341509,0,665734
1608,3,3.0,1981,0.07337148766695277,1,523132
1838,3,1.5,2004,1.4211053236621556,1,511749
2406,2,3.0,2007,10.060501109604507,0,520263
1384,2,2.0,1952,0.8993932850763954,1,470233
2113,3,2.0,2018,2.681785132071104,0,521806
2653,4,2.0,1959,0.07217292517412184,0,656959
1196,3,2.0,1974,3.253652914513955,0,459693
2092,3,1.5,2017,0.10622598079615886,0,474928
2129,5,2.0,2010,8.563158138329866,1,569875
2390,2,2.0,1978,8.71067019815263,0,572306
1381,3,2.5,1968,7.74976825119411,0,416602
1339,3,2.5,1992,1.6659366713651027,0,388630
2260,4,2.0,2015,9.077307323528993,0,547279
2148,2,2.0,2010,3.915339009466845,0,492725
2125,3,1.5,1992,2.340492097490879,1,570947
2173,4,1.5,1974,4.908547664445083,0,550623
1659,5,1.0,1969,0.0620891457284395,1,595497
2116,3,2.0,1997,0.7713585550939084,1,492032
2146,3,1.5,1973,6.779670433147544,0,532786
1642,3,3.0,1960,1.399638468986649,1,573554
2932,4,2.0,2004,4.556629352712861,0,650177
2236,3,2.0,1977,2.4314992947626015,0,569313
1404,2,2.0,2018,9.648414881382118,0,325337
2328,5,1.5,2012,15.226220620029242,1,533189
1512,3,2.0,2008,10.752098843558498,1,353883
2393,3,2.0,1954,1.577802067526778,1,614508
2579,3,2.0,2000,1.0793681383566798,1,596850
1589,3,2.0,1970,3.2164060109141612,1,511341
2481,3,3.0,1961,0.03680588974393823,0,622824
2206,3,2.5,1999,0.13074149636536575,1,561472
2411,2,2.0,1953,4.029235481697326,0,571166
2948,3,2.0,1991,3.6745293616089807,0,624368
1877,5,2.0,1987,26.090132557798693,0,426170
1623,2,1.5,1974,1.1272424993653098,0,461642
1555,5,2.0,1963,1.4927305593947549,1,566536
1592,3,1.0,1981,0.6026000017328056,1,498369
1961,4,2.0,1960,12.477392253585418,0,522345
2170,4,2.0,2010,7.521140040903153,1,527025
2138,3,1.5,1967,8.639393331422246,1,530209
2413,4,3.0,1976,11.653060425452352,1,575548
2006,4,3.0,2004,3.7211497142477006,0,500616
2726,3,2.5,2003,3.0000439819936853,1,643227
1867,3,2.0,1970,2.0053101320682654,1,517440
3360,3,2.5,1993,4.448421884480646,1,779307
2312,4,1.5,1954,3.028231587514221,1,628033
1571,4,2.5,1990,3.003437904512292,0,517174
1464,4,1.5,2008,13.817380937427707,0,386166
2241,3,2.5,2003,20.68569070742256,1,452904
1888,4,1.5,1971,7.960062830652339,1,522038
2357,2,2.5,2014,7.068494087246464,0,455503
2236,3,3.0,2013,5.705900308665132,1,553583
1963,2,1.5,1953,0.9080581582533459,1,527836
1576,3,2.0,2014,0.3046230074311008,1,426473
1242,3,3.0,1964,5.867643412439496,1,492626
1776,3,2.0,1971,6.5242396065879396,1,532696
2428,3,2.5,1996,0.2405601740208982,1,643588
2107,3,2.0,1995,13.159040857857157,1,517718
1377,3,2.0,1963,0.47782457817943647,0,418114
2086,3,1.5,1999,1.6836650895068936,0,499967
2192,3,1.5,1969,5.579654155118283,0,528216
1558,3,2.5,1999,0.9308804462701236,0,400253
2076,2,2.0,1982,0.28505270973838476,0,505264
2029,3,2.0,2008,2.0109510509561215,0,483912
1428,3,2.0,1992,7.261563480120281,1,428672
2178,3,2.0,1961,2.669436551530282,0,642324
2280,3,2.5,1989,5.291762336162005,1,572414
2541,3,3.0,1969,4.332970336693901,0,623280
2526,4,2.0,1987,0.11234515329131858,1,642831
1311,3,2.5,1952,22.344457186520472,1,401559
1531,3,2.5,1977,0.21155347302371477,0,440874
2257,2,2.0,2005,17.179369250927387,1,523534
2256,3,3.0,1962,3.9910295795056965,1,606720
2257,3,1.5,2015,16.505723291003626,1,460665
3926,3,1.5,1986,0.6094462699204195,1,860453
2285,3,2.5,1998,3.370729461304623,1,547668
2567,3,2.0,2015,0.9286613846598253,1,625984
2477,3,2.5,1985,0.2616000380832702,1,673897
2325,4,2.5,2003,4.805513732113095,0,555982
1842,4,1.0,1975,1.1646023308446838,1,601062
2379,4,2.5,1989,4.429984036976144,1,631528
1613,5,2.0,1992,0.5959703644698251,1,545670
1881,2,2.0,1971,2.01723426652157,0,536039
1757,2,2.0,1969,7.607880607798001,1,524432
2040,2,3.0,1957,2.8728358403560317,1,576490
3157,3,1.0,1978,4.94088645113407,0,693752
1066,4,2.0,1989,5.212926734068063,1,445725
2343,3,2.0,1979,9.281651362026825,1,530187
1193,5,2.5,2004,1.9646410799675968,1,399741
1764,2,2.0,1965,5.812484119825513,1,487810
2544,5,1.5,1995,16.30054772981721,1,523992
2032,3,1.5,2011,6.551174823528495,1,483124
1461,2,2.0,1956,3.3654530914393606,1,474753
1642,3,2.5,1994,4.980965974407047,0,440626
2339,3,1.5,2008,6.729273835578646,0,511455
1634,3,1.5,2005,4.737304641880388,1,417863
2108,3,3.0,1997,0.08408210106858731,0,571423
2022,4,1.0,1976,1.0831583590393101,0,508980
1674,3,3.0,2002,8.31599274671673,1,398432
3071,3,2.0,1984,1.5917418836158512,0,676471
2316,3,2.5,2000,6.5756787478507075,1,588472
987,4,1.5,1986,2.327032781911263,0,379309
2093,3,1.0,2006,3.6895129223223955,1,478558
1669,3,2.5,1957,0.3519690822222856,1,541148
2426,2,2.5,1969,0.9997332168927975,0,604550
1603,2,2.5,2002,15.75573116549322,1,388880
1942,3,1.5,1961,11.042653663683424,0,473649
2252,2,2.5,1998,5.281718302082259,1,554472
2432,3,2.5,1966,3.077641014610688,1,577758
1399,4,2.0,2013,5.631376420668572,1,400874
1832,2,2.5,1991,4.8196678167656,1,447045
1762,3,2.5,1978,4.203044390022151,1,552236
1673,3,2.0,1968,0.3050016562069791,1,541785
2882,5,1.0,1960,5.009278649528509,1,716807
2202,3,2.0,1999,7.324957504755364,0,465156
1369,4,1.0,2007,25.648491850478507,1,336431
2458,3,2.0,1983,0.055701883986432985,0,641017
3061,2,2.0,1969,6.5498797304643475,1,693545
2516,3,1.0,1999,4.240699760154117,0,555141
1240,5,2.0,1959,2.8462669445838302,1,510720
1757,3,1.5,1981,0.6823652872416326,0,493825
2633,4,2.5,2001,2.6304167374011973,0,650080
1646,4,3.0,1964,2.187699101561119,1,573072
2221,3,1.0,1952,1.8036291813818084,1,589499
2387,3,3.0,1986,6.562982512668642,1,573415
1536,3,2.0,1989,6.031970688349201,0,413245
1970,3,1.5,1989,4.446054744229792,0,506845
379,4,1.0,2005,13.957007962274869,1,215881
1487,5,2.0,1972,2.15279458422506,1,496770
1873,3,2.5,1960,1.397259749796995,0,535435
1376,3,2.5,2013,5.334162972630644,1,446452
2816,4,1.0,1957,1.1083111259572873,1,707911
1284,3,1.0,2005,1.8917588989572962,1,393854
1779,4,2.0,2009,1.2718970030489825,1,520103
2065,3,1.5,1959,0.35830482262487423,1,582979
2720,3,1.5,1988,8.786753738358343,0,524557
1282,2,1.5,1977,1.4687726489312183,0,415358
2581,3,2.5,1998,3.2030346015466145,1,631858
2005,3,3.0,1985,0.22140690471694197,1,569128
1509,3,2.0,1962,6.008867227658616,1,505176
2231,2,3.0,1985,2.0065761710888235,1,610007
2099,4,2.0,1975,6.827299132688825,1,588676
1699,4,2.0,1953,2.658570215582226,1,522048
2034,3,1.5,2013,1.0892604193051576,0,468682
1807,2,2.0,1987,3.599253662060986,0,493573
2056,2,3.0,1971,0.699210945889515,1,511587
2331,3,2.0,1951,2.9039087225804088,1,618665
2793,3,2.0,1980,1.908538888817488,0,656602
1381,3,2.0,1960,12.14979649738807,1,372888
3066,3,1.5,1995,0.3143194697208307,1,701858
1023,3,2.5,2011,5.9211354374571,1,387977
1924,3,2.0,2018,1.0090583004973304,0,434987
2294,3,2.0,2013,1.9212958173496555,1,610238
2140,5,2.0,1959,2.6851127917294297,0,572279
1688,2,2.0,1989,11.930653651651955,1,440788
1895,3,1.0,1973,1.38917534243128,0,500796
1753,3,2.0,1993,0.4787497964614334,1,508641
1705,3,1.5,2009,1.9186864112073443,0,405151
2424,4,2.5,2011,0.5528479106752727,1,654149
2178,3,2.5,1966,0.6882506633521239,1,613535
1653,5,2.5,2014,4.264826426089875,0,522751
2449,2,2.0,2006,0.3141768381668807,1,541056
2153,2,2.0,2004,0.1570966990201053,0,506727
2406,4,1.5,2002,6.266062123161945,1,585355
2314,3,2.5,2005,2.2443200284105242,1,579189
1585,3,1.5,1958,0.6698022760585463,1,527904
1719,2,2.0,1971,1.4625536976801958,1,492719
2373,2,1.5,1962,5.137319812152008,1,643424
2305,4,1.5,1997,1.6116199536963376,1,593387
1989,2,2.0,1967,3.4112451596984146,0,421769
2058,3,1.0,1989,0.6488085724267835,1,542981
2638,3,2.5,1966,4.43479615602516,1,691869
1704,3,2.0,1964,1.8995547033987124,0,468403
2273,2,1.0,1964,4.930461184952597,1,526695
1898,3,2.0,2012,8.26159351744529,0,420180
1891,2,1.0,1988,4.729195320498704,1,443709
2549,4,1.5,1962,1.7530920561885421,0,623702
2412,3,2.5,1981,1.4768490815243138,1,647194
2406,3,1.0,1958,1.9831782046539987,1,662774
2652,4,2.5,1989,0.8993459110398885,0,573075
2010,3,1.0,1969,0.9994052362209359,0,515149
2340,3,1.5,2012,7.819720684089226,1,540482
1844,3,2.5,1993,2.428491353708467,1,524037
2162,3,2.0,1987,2.8634624121648673,0,593980
1934,3,1.5,2009,4.50761981587257,0,404741
2048,5,2.0,1997,4.453766712157678,1,489259
2297,3,1.5,1967,0.34877047458748167,1,669172
1590,3,2.5,1965,8.90530806953137,1,498076
3046,4,2.0,2004,0.9759797051743482,1,689878
1496,3,2.5,1988,6.419982100694304,0,430948
1392,2,2.5,2017,7.406784596744508,1,388562
2579,3,2.0,2008,6.274568244354635,1,568611
2395,5,3.0,2011,4.3253467531919405,0,599876
2312,2,2.0,1962,0.0735837966343409,1,614076
2314,3,3.0,1955,2.2343699081283392,1,695394
1993,3,1.0,2009,4.642315443700759,1,519641
1551,3,2.0,1963,2.4506341143169585,1,548576
2037,2,2.0,2003,9.956416925936052,0,406460
1661,3,2.0,1953,1.8466467669041675,1,515500
2487,4,2.0,1988,1.73740662148089,1,642630
1926,3,2.5,1974,1.5462155372351318,0,471035
1587,3,1.0,1981,2.023183773643848,1,506389
1839,4,1.5,2008,4.075500338412336,1,518238
2206,5,2.5,2012,6.138174351050206,1,563694
1718,3,2.0,1987,5.431955133325665,1,477040
1588,3,3.0,2002,8.243956491458547,1,486596
2121,2,2.5,2016,10.854013447811484,1,450516
2122,5,3.0,1977,8.466245958105945,1,631794
1746,5,2.5,1952,0.09563583456378803,1,588360
1764,3,1.5,1971,6.6574772105925035,0,489492
2116,4,1.5,1987,1.1684926331057115,1,578660
1275,3,2.5,2011,0.7131665496117313,1,490179
1296,3,2.0,2006,5.087311068978863,1,375341
1640,2,1.0,1955,1.926424491465117,1,468169
1893,4,2.0,1981,0.29406624711746204,1,515295
2155,2,3.0,1959,0.7403527904204996,1,561645
2737,4,2.0,1952,0.004649245228108991,0,713920
2428,4,2.0,2008,11.676761993162629,0,579821
1920,4,2.0,1998,0.12463036638733319,1,573171
1990,2,1.5,2008,1.1751683567412887,1,495962
1498,3,2.0,1980,2.6915218217537817,0,418433
1990,3,2.0,2018,2.2047204936382334,0,510428
1855,3,1.0,2011,12.136541355457881,1,402109
2161,2,2.5,2001,0.20561512482760735,1,508153
1586,5,2.0,1990,3.5893997234716752,1,499698
2259,3,2.5,1980,5.704668635907568,1,515808
2766,3,2.5,1971,13.419079224635055,0,556863
1945,3,1.5,1953,4.84280741544986,1,602615
2200,3,2.0,1962,8.141963014951298,1,519285
2345,3,2.0,1994,0.43719336594924,1,558919
1799,3,2.5,1991,2.438309196490231,0,490313
2112,5,1.5,1998,2.3416023086688256,0,557309
2006,3,2.0,1969,10.870441232213633,0,484509
2048,5,2.0,2003,0.8206668733801357,1,518995
1613,4,1.5,1985,0.8237021073163359,1,529786
2012,3,1.5,1950,1.9916393188451298,1,560050
2248,5,2.0,1964,0.28002740907934925,1,687413
2725,2,2.5,1966,1.0072652555445587,1,644869
2479,4,2.0,1973,16.79207450134967,1,603364
3076,3,2.0,2007,2.794689562562221,0,693309
1616,4,2.0,1972,4.998622694878027,1,490398
2436,4,2.5,1995,6.475166555297269,1,630937
2091,4,1.5,1957,2.286119451517048,1,556863
3094,4,2.5,2008,0.7963098687082066,1,726529
1595,3,1.5,2008,1.1570192203331486,1,493631
1580,2,2.0,1962,1.8790447320160586,1,500159
1700,3,1.0,1988,5.053946985071075,1,537916
938,2,1.5,1977,2.53981985342714,1,379731
1737,3,2.0,2010,0.034190119938789294,1,478420
1620,3,1.5,1965,3.705463950538717,1,576199
2075,5,2.5,1951,12.724136331469577,0,607140
2170,3,1.0,1966,8.358631129509684,1,493619
2938,4,2.0,1979,8.72088935424728,1,653570
2475,2,2.0,1962,7.925141763061097,0,532479
1711,4,1.0,1962,1.9558204761386802,0,523239
1550,5,1.5,1992,7.244974648398188,0,467909
2245,3,2.0,1970,0.7725283013587676,1,618790
1339,3,2.0,2004,5.360574537180648,1,360149
2915,4,2.0,1989,5.1300894858261215,1,662456
2589,2,2.0,1964,0.1295119407039203,1,638223
1765,3,2.0,2001,7.755140674723106,1,409316
1143,3,1.0,2002,11.678026808419975,1,308905
2676,2,2.0,2001,1.5558814199508824,1,652313
1942,3,3.0,1979,8.366968994978182,1,477842
2618,2,2.0,1982,0.43000110660090674,0,646207
1202,2,2.0,2006,4.581051903775289,1,403129
1700,2,2.0,2001,3.3242260850106082,1,447656
2002,5,2.5,1958,3.947448331442655,1,589596
2023,3,2.5,2003,13.032335180488598,1,506743
1774,5,2.0,1950,10.251948213124244,1,520208
2311,3,3.0,1993,7.687532150077956,0,522072
1466,3,1.5,1958,1.5989500141990234,1,484689
1928,3,1.0,1981,12.141797739350773,0,382584
2060,3,2.5,1964,0.5129755615855265,1,545435
2257,2,2.5,1961,9.597823861072543,1,546591
2355,3,1.5,2006,1.9886758487048026,1,583077
1437,3,1.5,1957,0.27636026771794736,1,464620
1232,3,1.0,1976,5.533579939225105,1,399203
2638,3,1.5,2011,1.3151419588097615,1,561220
2166,2,2.5,1961,1.3957338491153337,1,611395
1625,2,2.0,2014,1.8267564182528886,1,446218
2775,4,2.0,1991,0.32901536174111284,1,691861
2057,3,2.0,2011,0.9747678946871617,1,546323
2589,2,1.0,1960,0.02576440451165524,0,609565
2033,5,1.5,1992,2.9476265673318554,1,555198
3030,2,2.0,1966,0.4400887474337561,1,739189
2877,3,3.0,1981,5.738791110025573,1,680562
1875,5,2.5,1989,1.3434698067405821,0,542061
2485,3,1.0,1972,14.374138932183078,1,552619
2322,2,2.5,2005,10.249476897538557,0,492653
2684,2,2.5,1955,1.708515734821565,0,635284
1517,3,2.5,1999,7.644256486371743,1,450211
2343,2,2.0,1986,8.128977472547223,1,515729
2529,3,2.0,2013,21.548758378380622,0,446722
1120,2,2.0,2003,4.554526134443298,1,378005
1408,3,1.0,1998,0.42760281481009715,1,430704
980,5,1.5,1960,5.204131102345608,1,461621
1865,4,1.5,1998,4.903876250696674,0,495996
2358,3,2.0,1970,5.085399911579442,1,580694
2751,3,2.5,2015,1.8346773615284007,1,652229
2037,3,2.0,2012,9.819133967047392,1,519370
2814,3,1.0,1977,16.028833500147954,1,602365
1309,3,3.0,1966,1.2276648776681263,1,498179
1148,2,3.0,1955,0.46141071444633597,0,418739
1972,4,2.5,1968,1.0816778488047165,1,618682
2192,3,3.0,2005,8.589352913196995,1,517432
1983,2,2.0,1977,5.645016793708969,1,521381
966,3,3.0,2015,5.0536574058766845,1,435716
1955,3,1.0,1987,2.5690932847005428,0,508570
1347,4,2.0,1986,4.311711987830799,1,440870
2334,4,1.5,2017,1.8399372000685719,1,562701
2183,4,1.5,1998,3.242782245704797,1,562595
1530,2,1.5,1992,7.876705084820487,1,435153
1743,3,2.0,1985,19.880567456199245,1,420420
1470,3,2.5,2007,13.477317997999304,1,373157
1968,2,2.0,1962,13.580357139970898,0,439789
2477,3,1.5,2001,2.5726936678955643,1,593748
1507,4,2.5,2007,3.162988153752983,1,471006
2252,2,2.0,1981,6.114680657937424,1,558875
1734,3,2.0,2009,12.76755050312764,1,453786
1603,3,2.0,2007,0.7657224439236077,1,550442
1946,2,1.5,2005,1.8137659227029481,0,420470
1482,3,2.0,1977,0.7497375544529722,0,476157
1723,5,3.0,1950,4.733859620160553,1,581729
1401,4,1.5,1991,1.8285856282524744,0,381169
2982,5,2.0,1997,1.973425997194078,1,756918
2017,3,2.5,1989,0.36778040422709996,0,545846
1650,2,2.5,2012,2.152346071183919,1,475232
2106,3,1.0,1953,9.920529807411803,1,486314
1943,3,1.5,1987,1.3268170643918598,0,497703
1889,4,1.0,1976,5.940291673285268,1,489272
2307,2,2.0,1958,4.966241521752497,0,622111
2378,3,2.0,1965,9.956589557566716,1,615253
1734,2,1.5,2005,0.7094767814190605,0,417623
1712,3,3.0,1980,18.991231108251302,1,389744
1862,4,2.0,1963,4.368894582013766,1,559277
849,3,1.5,1974,26.989751963514188,0,257673
1242,3,2.0,1983,12.124595673888404,0,304625
2683,3,2.0,2016,1.2520423717755624,1,591236
2822,3,1.0,1973,0.2890037411271818,0,614687
1875,4,1.5,1975,1.4761463639097125,1,576377
2288,4,2.5,1969,3.7492612399960246,1,610858
2155,5,2.0,2013,0.9412738199324393,1,574705
3539,4,2.0,1959,0.9163685168162656,1,831507
2559,3,2.0,2016,3.1050028762654986,1,564976
1936,3,1.0,1973,0.16916968964921997,1,497243
1522,3,1.5,1954,0.6499061241419822,1,543641
1196,3,2.0,2016,2.688084459079562,0,407834
2101,4,1.5,2007,0.32605325060411217,0,538407
1621,2,1.0,1976,2.5271597826769074,1,466078
1288,5,2.5,1964,3.2123298938244815,1,537468
1676,3,3.0,1984,3.000712956331663,0,486096
1459,3,2.5,2002,10.169468183711627,1,399930
2843,3,2.5,1993,3.7757773809828254,1,662251
2440,4,1.5,1975,3.1553753282474735,0,643518
1996,3,3.0,1996,2.644177880152499,1,545778
2739,3,1.5,1983,8.508406900427158,0,571726
2038,2,3.0,1999,11.27167079948128,1,488751
1569,3,3.0,1961,9.5948675218242,0,475062
2761,2,2.5,1953,5.597339996720284,1,675750
2269,4,3.0,1997,0.738799241966721,0,605240
1481,3,2.0,2004,1.6208311221770986,1,424245
1904,3,1.5,1950,0.23578857103647233,1,589024
1562,2,2.0,2015,13.355511906863676,0,347376
1308,2,2.0,1979,5.4058052021806855,1,387817
2463,4,1.0,1952,6.859253559481253,1,650018
2954,2,2.0,1970,1.8667208158319195,0,644157
1300,2,3.0,1998,9.342776741806782,1,337057
2281,2,1.5,2011,1.5028456666959844,1,505117
1674,5,2.5,1987,0.008225547817212662,1,545109
1756,4,3.0,1964,2.361350679327733,1,578942
1703,3,3.0,2001,4.228712630590195,1,461384
1568,3,3.0,1995,3.25719453097764,0,445694
2024,3,2.0,1974,9.905267519503555,1,482575
1584,4,3.0,1970,0.556922483689491,1,568276
2135,3,2.5,1954,4.035202661402851,1,644093
1974,2,1.5,2019,3.5972437698335487,1,518892
1880,2,2.0,1996,1.6522031918895381,1,525688
1546,2,2.5,2017,8.636270409425432,0,399093
1711,3,1.5,1967,6.988772003871136,0,399049
2377,4,2.0,1970,6.599896856659545,0,592865
2250,3,2.0,1972,10.445135817327273,0,512391
1511,2,1.5,2013,6.414802299480007,1,419489
2049,2,2.0,2016,1.3187945788540518,0,402628
2375,5,2.5,1989,6.113446206746803,0,603971
1165,3,2.0,1959,1.8386997756844918,0,414123
2271,4,1.0,2001,1.3865116465873837,0,585270
1668,3,1.0,2010,0.37902794629710573,0,483744
2285,3,2.0,2013,6.813447413590584,0,481817
1618,3,3.0,1954,6.206659597106521,1,485155
1097,2,1.5,2002,1.336126907758191,1,374284
1186,3,2.0,2004,6.919067539396422,0,405317
2024,4,1.5,1986,12.495487309402833,1,508426
2129,3,2.0,2005,0.5716080524233121,1,512117
1547,3,2.5,2008,1.3239742292072918,0,420754
2319,2,2.5,2018,6.936690409781487,0,502746
1169,5,1.0,2008,1.6045170259688077,1,430533
1966,4,2.0,1951,4.8996679283237485,1,557279
1394,3,1.0,2014,0.4232393584251986,0,373210
1674,5,2.0,2009,3.0092477386331606,0,451606
2023,3,2.0,2000,6.717926044277113,1,543095
1569,3,1.5,1979,5.800001976576478,0,408806
1807,4,1.5,1960,8.438946316261724,0,481411
2503,4,2.0,1988,10.49626761050807,1,579171
1711,3,3.0,2012,7.418069820008572,1,413380
2417,2,3.0,2013,5.56742789264141,1,529810
1435,3,1.0,2010,0.1611827539138128,1,465288
2264,5,2.5,2003,3.828231029378708,0,542680
2720,3,2.0,2007,0.19213331203241354,0,585130
764,3,2.0,2005,8.25306591747558,1,267358
1601,3,2.5,1983,1.9336426299163514,0,466263
2288,3,3.0,1980,4.132585778126869,1,653101
1898,3,3.0,2001,1.6386697854063494,1,525525
2185,5,2.0,1950,7.627785461355302,1,620613
1698,3,2.0,2004,10.879873517353001,0,386437
2043,2,2.5,1971,2.5428283487101258,1,547387
1922,2,1.5,1989,9.93604021407639,1,497991
2583,4,2.0,1950,1.5535595586993143,1,692969
2127,3,2.0,2014,3.8249447072159697,0,563878
2168,3,2.0,2012,9.78652415720893,0,516051
1794,4,1.5,2003,1.9717456701663096,0,480151
1756,4,1.5,1991,15.400165554496954,1,443725
1783,4,3.0,1970,0.6498572652847476,1,617128
2197,5,1.5,1971,0.09222060800511081,1,633708
1789,3,2.0,1987,11.724090025400123,1,503997
2144,4,1.5,1957,0.3555935016675438,0,649409
3037,3,1.0,2011,24.072791362133074,1,542059
2435,4,1.0,1996,15.12033590914492,0,523206
1836,4,1.5,1966,0.7368240883327365,1,586616
2600,4,2.5,1966,3.856458566209702,1,694242
1795,3,1.5,1962,1.0223468800200262,1,556452
980,2,3.0,1966,2.794438029635079,1,361023
1495,3,2.0,1987,0.31696324555121025,0,424212
1064,5,2.0,1994,1.2675279142307805,0,398404
1824,5,2.0,1955,2.2570698346978806,1,622747
2009,2,2.0,1984,2.887031144880558,1,484853
2838,2,2.5,1963,18.970368408857045,0,615044
2163,2,1.5,2010,8.247801948055365,0,483106
1890,4,2.0,1964,6.685805932487233,1,579697
2414,4,2.5,2003,3.8505873079071278,0,553461
894,3,3.0,1976,9.162837338117013,1,368454
2117,3,2.5,1962,2.07244981682209,1,600656
2385,4,2.0,1980,6.1704269019681215,0,588546
1260,4,2.5,1984,25.403123524420547,0,328354
2571,3,2.0,2009,1.888974243133291,1,597909
2169,3,2.0,1955,5.604558435248425,1,585383
1792,3,1.5,2018,9.29959835658577,1,466808
2316,3,2.0,2007,12.373252126684985,1,482538
3135,3,1.5,1998,6.328047759575474,0,693521
2090,3,2.0,1972,1.6676383445149847,1,601618
2124,4,2.5,1983,1.97471939111274,1,563270
1770,3,1.5,1975,0.10488254395992197,0,507990
1575,4,1.0,1996,7.154073799725894,1,475524
2415,2,1.0,1954,0.2183991528044195,0,549099
1571,3,3.0,1969,9.99954329736594,0,446911
2035,2,2.0,1955,0.6315624980793505,0,538736
1761,3,2.0,2019,0.9429649789233641,1,460067
2239,4,2.5,2008,3.236344075272819,1,580938
2166,5,2.5,2013,6.694772243500854,1,546917
2518,2,2.0,1967,0.7483166788225637,1,667187
1744,3,2.0,1953,2.899727115347705,1,514302
1865,4,2.5,1966,3.297123877281277,0,562523
1510,3,2.0,1963,1.1930987213328892,0,421872
1777,3,1.5,1962,0.6139938359964849,0,503125
2188,4,2.5,1956,9.052293770512609,0,568807
2378,3,2.0,1993,3.4904533953202526,1,579419
1538,2,1.5,1964,0.07242824109338042,1,465948
2434,3,2.0,1968,8.122283187679157,1,575463
2677,4,1.0,2012,19.762612086633652,0,532373
2206,3,1.5,1984,4.656085329715039,1,585103
2938,2,2.5,1984,3.5029579787696123,1,663220
1613,4,1.0,1968,10.535743853160714,0,407372
1377,2,2.0,1969,15.236895487349617,1,434184
1110,4,2.0,1984,7.023043566645467,1,379990
2748,3,1.0,1981,2.9480179401472117,1,596677
2327,5,3.0,1997,4.485154486417418,1,563245
1972,3,1.5,1993,6.035477792222823,1,507106
2139,3,2.0,1973,1.0800550610362705,0,549927
1437,2,2.0,2010,2.963804368907872,1,440659
3222,3,1.5,1966,8.854530051164907,0,697859
2064,4,1.0,1999,5.317075436772627,0,511720
2054,5,2.5,2014,2.648378096100783,1,559217
2362,3,3.0,1981,5.443743481368432,1,633380
2240,3,1.5,1985,0.6290771132880991,1,635376
2111,4,2.0,1962,2.5666238080963693,1,631086
1604,4,2.5,2019,7.878288174666368,1,434802
2235,3,2.5,2007,1.2455693166689707,1,591969
2941,3,2.0,1963,1.0287381304231962,1,699943
2672,3,2.0,1986,15.061204970088873,0,520341
2796,3,2.0,2017,1.1779637955697817,1,608539
1744,2,2.5,1989,1.5117359385806277,0,455795
1505,3,2.5,2008,17.46918557065098,1,380022
1937,3,1.5,1965,6.6346316120617175,0,560694
2027,4,2.0,2011,6.0131440897939195,1,495533
2547,2,3.0,1953,9.584110137260138,0,629834
1153,3,2.5,1994,0.6154905157608904,1,412854
2764,3,3.0,1977,6.120133337756216,1,600507
1920,3,2.5,2015,3.502758727349226,0,461814
1786,2,2.0,1980,8.834865240334782,1,498026
1493,3,2.0,1952,3.5478232502526685,1,503550
1172,3,2.0,1957,4.8410968543163815,1,445728
2411,3,1.0,1973,3.2479690117688387,0,611265
2036,3,2.0,1964,3.2519609435529855,1,533050
1355,3,2.5,1992,7.304442553910105,1,389675
1352,4,1.5,1980,4.951925837003222,1,381628
1832,3,2.5,1994,5.015554294076349,0,503534
2834,4,2.0,2015,2.9917536983163413,1,671015
1870,3,3.0,1957,3.7869300273215574,1,580284
1248,2,1.0,2006,6.846550394517283,1,315476
1877,2,1.5,1979,8.74180246033138,1,422213
1863,3,2.0,1967,5.962880012200813,1,482047
651,4,1.5,2018,12.889913898520906,0,214023
1972,4,2.5,1988,8.583002703142043,1,578003
1884,4,2.5,2009,4.12612717390287,1,549473
2348,3,1.5,1992,5.564662769509726,0,525130
2924,3,2.0,1994,13.039323958364557,1,627380
2563,2,2.0,1972,4.82698531078427,0,561964
1865,3,2.0,2018,8.709333793426735,1,468131
1446,3,3.0,1955,5.83676619571677,1,452573
3286,2,2.5,2005,4.014100027255766,0,691837
2029,3,2.0,1953,1.3842922680345953,1,557937
2006,3,2.5,1972,2.775607805941668,1,585699
1987,4,2.0,1955,17.170073873551935,0,478376
2099,5,3.0,1981,5.361293816483234,1,577341
1927,5,2.0,1967,4.1551014134858715,1,628664
1713,3,2.5,1964,13.51207744437805,1,477197
1726,3,2.5,1989,4.4156312797295465,0,459656
1983,3,1.5,1955,3.7336103096529314,1,578027
1728,4,2.5,2012,7.1212451673300485,0,412894
1643,2,1.5,2016,6.2355432538733915,1,443978
2053,3,2.0,1960,1.0731495298522136,0,552400
1872,4,2.0,1992,3.186748833279733,1,549889
2751,3,3.0,1966,3.1981784477390818,1,638222
674,3,2.5,1953,2.375881041932397,1,371247
2545,3,2.5,2012,3.641732167555843,1,598178
2623,2,2.5,2017,2.66456718123107,0,595536
963,3,2.0,1990,1.1116287382289278,0,383304
1828,3,3.0,1954,2.658259015399091,1,549134
1814,2,2.0,1981,0.3751101281068858,1,517762
1296,2,2.0,2019,4.2875845530694265,0,385659
1611,4,1.5,1984,9.608926744725478,1,455105
1444,3,2.5,1971,6.46014334855589,1,450533
2876,3,2.5,2014,2.2345148991320083,1,596036
2467,3,2.0,1971,0.4554869610165747,0,602400
2635,5,1.0,1960,1.1291695806695325,0,616415
2360,3,2.5,1952,3.942680562768905,0,600356
1435,3,1.0,1958,1.1600202201392142,1,505093
1737,4,2.5,2009,3.9260175236293553,1,434830
2244,4,3.0,1963,1.3172178945544881,1,678040
1388,2,2.0,1967,9.449856967829541,1,403044
2356,4,1.5,1972,2.531441936712964,1,619427
1879,3,2.5,1996,1.4088355084638362,1,510233
1812,3,2.5,2018,8.365249121621556,1,407076
2355,2,2.0,1996,2.09913091845141,0,517264
2222,2,3.0,1979,0.5910338711976361,1,648267
1819,4,1.0,1974,4.224614148077224,1,488845
2579,3,2.0,1977,4.356159082222108,0,554412
1459,3,2.5,1974,6.27099431111297,1,464233
2307,4,2.5,2007,1.3736280764872872,0,571108
2296,4,1.5,1990,2.9328790432528407,1,581535
1845,2,2.5,1974,1.658991316659736,1,521388
2163,3,2.0,1997,0.42209408171846796,1,583665
1374,2,2.0,1959,10.462181120804274,1,396174
2462,4,1.5,1960,6.5257807361394535,0,609003
1907,3,2.5,1970,1.7938360807783318,1,584297
1738,5,1.5,1994,4.573622206639153,0,460473
2524,2,2.0,1956,1.1236226778978478,1,566316
1647,2,1.5,2013,11.047141686892214,1,410438
1295,3,2.5,2013,0.6103090643187644,1,499787
1221,3,2.0,1951,0.01922263118648315,1,470833
2303,3,2.5,1991,3.485858317083161,1,589578
1359,5,1.5,2003,4.374878176178106,1,441601
2877,3,2.0,1965,4.325200370490337,1,731565
959,3,2.0,1967,0.2802700295797264,1,412115
2848,4,2.5,2008,1.8847075588848574,0,645679
2105,3,3.0,1965,3.4577317812292363,1,614787
1951,4,1.0,1955,1.2204264441244292,1,561019
1727,2,2.0,2006,10.303133696331638,0,356993
2199,3,1.0,1996,0.4556955461698601,1,582040
1981,2,2.0,1997,3.3411455686099307,0,459697
2551,2,1.5,1991,5.878806869130098,1,544492
2057,5,2.0,2009,1.5173712427576915,0,608964
2075,2,2.0,1953,4.894032993085149,1,547421
1818,3,2.0,1951,8.84173301413156,0,506318
1971,3,2.0,2008,1.0556856825563714,1,522257
2153,3,2.5,1976,12.457879710286397,1,504571
1144,4,2.0,1976,4.032234897239235,1,455121
1325,2,1.0,1956,1.777892043202979,1,447297
2371,3,2.5,2012,2.818128996067145,1,556277
2085,5,1.5,1995,1.871226904005886,0,567889
1908,3,2.0,2012,6.456942404864952,0,440485
2009,5,2.0,1961,7.955551062895449,1,546437
2173,2,2.0,1962,8.946933202629983,1,502045
1730,3,1.0,1992,21.26139932856578,0,368294
1610,3,2.0,1966,7.833911020895368,1,463848
2097,4,3.0,2012,4.598784544261664,0,573607
1510,5,2.0,1985,2.0716738757620754,0,483852
2204,3,2.0,1957,3.93284565677448,1,569379
1148,3,2.0,2018,0.20967646999105694,1,396886
2514,2,1.5,1985,6.8290299534261205,1,530626
2236,3,2.0,1977,2.952551759690651,1,580113
2128,3,2.5,1996,0.10113205703406933,1,578769
2491,5,1.5,1979,0.3227296272137725,1,670406
2832,3,1.5,1972,2.4507579255903598,0,686130
2507,3,1.5,1965,4.37840202699122,0,673583
1079,2,2.0,1963,3.120008460484301,1,422391
1360,2,3.0,2001,4.827461567780365,1,448226
1687,3,1.0,1986,3.272462549347725,1,550991
2013,3,2.0,1978,5.41916785167354,0,480667
2258,4,1.5,2016,1.2367077830120277,0,546935
1637,3,3.0,1964,0.5986676110035118,1,518216
2093,3,1.5,1996,4.537075617206567,0,527044
1622,2,2.0,1995,3.3149284012102727,1,458873
1694,4,2.5,2001,0.1361759379624958,0,469366
1296,4,2.5,1968,2.3940666890632434,0,456258
1538,2,2.0,1970,0.5609499480850142,1,508302
1324,4,2.0,2013,3.789568177057575,1,386540
1512,3,2.0,1986,2.5190653436987978,1,443284
2526,2,1.5,1976,4.748615990821807,0,537238
1525,3,1.5,2004,8.189244002240418,1,425095
3316,3,2.0,1978,1.7810087355807,0,761710
2246,2,1.5,1969,16.364298436505734,1,437286
2092,5,1.5,1974,3.8354166129450373,1,594954
1570,4,2.0,2019,4.815481067803817,0,398695
2350,3,3.0,2012,5.7076883003289725,1,596123
1712,3,2.0,1985,5.494034485879432,0,451220
2061,3,1.0,1951,3.5766648056166064,1,568186
3280,3,1.0,1971,2.7997667717762615,1,730961
1951,3,3.0,1965,0.276411273225114,1,613994
2574,2,1.5,1967,0.11166694590733059,0,666500
1648,3,1.0,2018,2.2155326623293288,1,408082
1982,4,2.0,2003,2.0297828240188203,1,514574
2885,3,2.0,1979,2.452625037393776,1,690131
1686,2,2.0,1994,0.7446362338693667,1,449684
2906,4,1.5,1968,6.70026617755941,0,688906
2353,3,1.0,1983,9.723309159805396,1,578156
1718,3,3.0,1962,13.961071072647718,0,438497
2316,2,1.5,1992,3.389936408768082,0,502044
2486,3,2.0,2011,6.034313198160383,1,562485
2310,4,2.5,1971,9.674148147169857,1,596749
1214,3,2.0,2001,2.7089257363508343,1,416000
1636,3,2.0,2001,1.8510651068889163,1,406560
1876,4,1.5,1985,13.801289766354028,1,449869
1962,4,2.0,1968,3.6250115628423836,1,555051
2310,4,2.5,1987,3.438349905111831,1,584898
2088,3,3.0,2019,0.9826060614371511,0,432345
1332,3,1.5,2006,0.5723147232907853,1,365787
2190,5,1.5,1969,9.229184098059353,0,520693
2305,4,3.0,1958,4.761314925394347,1,634484
2279,2,2.5,1981,1.971324704165669,1,564407
2540,2,2.5,1953,1.0643340505639411,1,630231
2416,3,1.5,1999,4.053995525967126,1,598525
2229,5,2.0,1954,4.384380106701943,0,636312
1964,3,2.5,1969,1.1596199416599886,1,570799
1169,3,2.0,1986,9.532679138695684,0,359290
2214,2,2.0,1971,0.4401378265207314,1,552199
2103,3,1.0,2007,2.2010055275444813,1,499335
2135,4,2.0,2017,5.703181491635386,1,482504
1361,3,1.5,1993,1.6018553414332994,0,402118
1459,4,2.0,1983,8.791870902622742,0,449462
2526,5,3.0,1991,6.732827089540851,0,663865
1980,3,2.0,1958,7.7800270968405485,1,531756
2340,3,2.5,1956,0.6340929321918682,1,653079
2014,3,1.5,2017,0.757296437681845,0,402133
2014,4,2.0,1968,1.687680175483186,1,571673
2469,3,3.0,1980,3.6498563575939302,1,612409
1741,3,1.5,1984,6.891949949659962,1,518925
2048,4,1.0,2006,9.055656204063089,1,511709
1768,3,2.0,2010,6.092646454840222,1,478564
1782,5,1.0,1980,13.197068672744445,0,473584
1845,3,2.5,2002,6.7112631621816305,0,464056
2111,2,3.0,1981,1.8283469866179838,0,581479
1760,3,2.0,2015,1.5399768841088117,1,411141
2627,4,1.5,2008,5.956804191220439,1,612152
1552,3,2.0,1959,1.0713561890502492,1,541337
1906,4,2.5,1951,0.4864922349473365,0,517225
1780,5,1.0,2015,3.7988166241120727,1,522143
2723,3,2.0,2009,8.61980050222171,0,547516
2098,5,2.0,1966,0.534474252237557,0,603322
2515,2,2.0,1965,7.848474269877913,1,568596
1257,3,1.5,1965,8.34519665509573,1,442098
2133,2,2.5,1995,3.2915456717825076,1,526341
2444,4,1.0,1988,0.29509058661112986,1,646498
2041,3,1.5,1980,0.9593743309108281,0,540913
2532,2,2.5,1950,6.145192966706189,0,576760
1741,3,2.5,1960,6.2201203579788835,1,531605
2704,3,1.0,1953,11.431358178284531,1,599536
3149,2,1.5,1975,4.369583470636663,1,688925
1818,4,1.5,1999,0.6625588072043241,1,512689
1777,4,1.5,1961,0.6472125632403612,1,580811
2726,3,1.5,2014,6.385090044260197,0,585684
2789,5,1.0,1996,1.015385340159709,0,655351
1738,3,2.0,2002,1.9903538160434033,1,467176
1789,5,2.5,1951,3.339463940420542,0,524082
1859,3,2.0,1973,0.12538342926310095,1,548292
1327,3,2.0,1953,1.4305434012131968,1,458928
1540,2,1.0,1968,2.620310946829072,1,397558
1497,4,3.0,1975,1.639995406474442,0,450449
1616,3,2.5,1989,0.7330561090795586,0,520010
1982,2,2.5,1999,6.5099913956440645,1,472450
2117,2,2.5,1992,8.387182869272428,1,542578
2775,3,3.0,2016,1.4885204687409845,1,636107
1500,3,2.0,1961,7.445390876769853,1,502960
2492,4,1.5,2016,2.435167606153515,1,632139
1893,4,2.0,1976,3.5330448344403886,1,524513
1975,2,2.5,2003,9.689747219848897,1,411661
2337,4,2.5,2015,6.930545527452029,1,510297
1438,2,2.0,1998,8.176775687759053,1,371556
2191,4,1.0,1965,0.7358059549875134,0,635660
2083,4,2.0,1951,0.3613452284150431,1,606326
2246,3,3.0,2009,11.193580655805825,1,530289
2144,4,2.0,2003,2.4537611588772927,1,604431
3227,3,2.0,1979,1.697541951862224,1,738871
1681,3,1.5,1987,6.44940130451489,1,466679
1734,4,2.0,1977,9.052130964878671,1,515519
1688,3,2.5,1974,9.920279438102492,1,484767
1722,3,2.0,1959,1.898965908634204,1,525821
1681,3,2.5,2009,9.559895558061678,1,420207
2594,4,2.0,1991,0.2089766338886273,1,658409
2710,3,2.0,1989,0.2546851653845244,1,688058
1714,2,1.5,1991,4.884441081200808,0,481637
1583,4,2.5,1996,0.3259276206105909,1,515088
2235,4,2.0,1986,1.9623187302821097,0,596093
1723,2,2.0,1971,5.585245834699013,1,486615
2316,3,2.0,2006,2.056914639978649,0,542495
2101,2,3.0,1976,0.9898149318871651,1,583628
1242,3,1.0,1990,1.6519084614680746,1,447720
2773,3,2.5,1983,3.058530322503813,0,612566
2897,4,1.5,1981,3.225461245948954,0,620380
1693,3,2.0,2015,7.63929495779192,0,398763
1806,3,1.0,1961,6.934537333783983,1,505577
2142,3,2.0,1989,3.051552402200155,1,582138
2167,4,2.0,1959,9.343224676900414,0,523648
2329,3,1.0,1997,0.606530074911376,0,473660
3005,5,2.0,1969,1.4742273436279085,1,738095
1911,3,3.0,1988,8.80061985713624,0,477829
1600,2,1.5,2009,2.3740280104327978,1,395761
1310,3,2.5,2015,19.864589873540144,0,280994
1634,3,2.0,2014,3.1391693125986024,1,480422
1983,3,2.0,2000,7.84953871092851,0,474545
2897,2,1.5,1985,2.573390520091656,1,658551
1741,2,1.5,1973,2.7665220251935443,0,450146
2111,4,1.5,1976,2.4134844224507472,1,557459
1991,3,1.0,1951,6.348348790018403,1,529021
2594,4,1.5,1980,3.965035197038601,1,655741
3263,3,2.0,2006,14.392245602389917,1,605749
1734,3,2.5,2015,1.4443493315591494,1,533883
1755,3,2.5,1978,0.5299298454177077,1,546346
2522,3,2.0,1964,2.498286817183408,1,624732
2340,3,1.5,1961,4.794852302054979,0,596927
2923,3,1.5,1977,9.859179470048257,1,680324
2291,2,2.0,1973,2.124745114097487,1,569116
1820,3,1.5,1970,5.303501837727706,0,476484
2295,3,2.0,1959,2.1554431296479484,0,633277
2554,5,2.0,1967,4.801468889798576,0,709661
2410,4,2.0,1963,10.805772588704814,1,604354
2253,4,2.0,1983,1.315647460583659,0,547625
2533,4,2.5,2007,2.589600669533137,0,587383
2584,3,2.5,1971,25.002333175302894,0,544078
2691,3,2.0,2019,10.145910981646583,1,542013
2324,5,3.0,1985,4.1579083877099245,1,630561
1916,3,3.0,1994,3.6348394553196597,1,538003
2073,3,2.0,1985,1.6745699327513148,0,503895
2603,2,2.0,1971,3.640861585347018,0,628138
1591,3,2.0,2010,9.42534769616927,1,441342
2184,3,3.0,2005,5.7786840204131265,1,607992
1803,4,2.5,1982,1.712761611939303,1,569830
2014,3,1.5,1994,1.124875644729233,0,480148
2639,3,2.0,1985,1.5408427191586183,1,658056
2095,5,2.0,1969,0.9301975073199613,1,649239
2023,2,2.0,1967,0.5026426870278313,0,559121
1320,3,1.5,1987,2.7161946450985663,0,380613
2373,2,2.5,2016,0.6012406322284027,1,536553
2322,4,2.0,1972,0.9431826178154272,1,596394
3081,5,2.5,1965,3.9629007647653043,1,811977
1846,3,2.5,2008,0.8992187875752629,1,529590
2109,4,2.5,2018,0.33005678577269704,1,538563
2124,3,2.0,2017,1.9091495404040038,0,509869
2788,5,2.0,1970,1.2443527190022747,1,717267
1952,4,1.5,2019,3.621179198522219,1,478016
2139,4,2.0,1961,0.5399703720639945,0,592235
2303,2,1.5,1965,6.967013582265639,1,562835
2093,5,2.0,1963,11.834739184447434,0,603713
1776,4,1.5,2010,6.8018695659434725,1,454220
2097,3,1.5,1995,3.8052786014648197,1,480741
2536,4,1.5,1981,9.854472127553528,1,570159
1486,3,1.0,1964,5.9358796545070955,1,426441
2066,4,2.5,1993,0.053035901030853996,0,545327
1649,2,2.5,1966,2.505120354671746,1,463929
2597,4,2.0,1990,9.51743101179792,1,635626
1238,3,1.5,2003,2.1221606865792415,1,370108
1720,2,1.0,1993,0.17925090126520693,1,468704
2188,3,1.0,1954,6.855642502847132,1,623927
2782,2,1.5,1976,8.098407756131614,0,603915
1967,3,2.5,1992,0.8753020842242142,1,558696
1722,3,1.5,1980,3.8538195489690525,0,521250
2940,3,2.0,1966,1.0656903611198425,0,721041
1275,3,1.5,2003,6.351175946434729,1,404947
900,3,1.5,2011,1.58418457369941,1,338257
2220,4,2.0,1981,1.9005595874935861,0,575816
1748,2,2.0,1989,9.320710693543926,1,443457
1489,5,1.5,1962,3.2343947996342175,0,479635
2354,4,1.0,1984,5.539594069999127,1,591763
2121,3,2.0,1954,2.573942751671895,1,600802
1717,3,1.5,1978,1.769158215431533,1,464865
1359,4,1.5,2019,4.910524470475268,0,435758
2436,2,3.0,1974,0.841250572210709,1,633487
2325,2,2.0,1971,2.334042380477219,1,577196
1950,3,2.0,2015,1.1725206790373925,1,517272
2923,4,2.0,1994,5.950266770314335,1,701609
1464,2,2.0,2018,14.430699077199172,1,304445
1237,3,2.0,1950,27.030590971029,0,311245
1654,5,2.0,1993,2.991702095806942,1,483565
1977,4,2.5,1988,1.4553081478788328,1,647483
2121,3,1.5,2003,2.9244187456697404,0,511173
1879,2,2.0,1978,9.395398795684619,1,440540
2176,4,2.0,2003,1.1533948479467069,0,659617
1374,3,2.5,1965,15.192744994985274,1,395555
2721,2,2.0,1969,2.091731848373692,1,641418
1958,2,2.0,1995,21.273855276776132,1,407226
2558,5,1.5,2016,9.119622949643105,1,568163
2171,3,2.0,2014,8.26617931369515,0,491739
2228,4,1.5,2007,1.9129292819012333,1,502813
2284,4,2.0,2002,0.044079792820880016,0,606956
2223,3,1.5,1950,2.4074095373949747,1,569078
2321,3,2.0,2015,1.7963155207078507,0,525708
2664,3,1.5,1978,0.19057097797423192,1,674692
2098,3,2.0,2019,3.519678403604333,1,510967
2354,3,2.5,1957,2.5794530733737036,1,624796
1955,4,1.5,1978,5.0332175311633245,1,511221
2720,3,2.0,2000,4.853554050349724,1,685601
1661,4,2.0,1982,0.6434109076489881,1,538877
2900,3,1.0,1952,18.853820947164163,0,555247
1979,3,2.5,2009,1.0346991518025979,1,534521
1284,3,1.0,1984,2.9464051273969143,0,358263
2064,3,2.0,2018,3.3483012865924033,0,540530
1659,4,2.0,1969,8.384912662524716,1,502914
2420,3,2.0,1988,0.5225243874065816,0,557120
1673,3,2.0,1953,2.7987164233885875,0,518884
1776,2,1.5,1968,4.951061283307928,0,451802
1055,3,1.0,1994,1.2113491247988308,0,318546
1773,3,2.5,1992,4.937160335332082,0,482195
788,3,2.0,1962,12.863108010757362,1,341469
1208,5,2.5,1962,29.993717215916604,0,364863
2380,3,2.5,2009,0.1649464436601213,1,595610
2392,4,2.5,2006,1.343243333703585,0,590795
2212,3,2.0,2001,1.85754437912728,1,565316
1516,3,2.0,2002,2.546850920869175,0,474524
1976,2,2.5,1992,1.3870560446409332,1,514662
1998,3,2.0,1991,1.1375653849824487,1,556095
1420,3,1.5,1975,15.45613501785829,0,385721
2751,3,2.5,1972,12.537086792700496,1,634957
2438,2,2.5,1992,0.24066253263454085,1,588559
1889,2,2.0,1977,2.0685930356321243,0,493625
2013,3,1.0,1958,2.597217873285023,1,552154
2104,5,2.0,1969,1.3657051036623549,1,677547
979,3,2.5,2005,4.9560533966400575,1,349836
1876,3,3.0,1988,5.113547183920647,1,494454
1659,2,1.5,2000,9.502435848429,1,412651
1499,3,1.0,1961,6.752112946796302,1,451788
1859,3,2.5,2004,3.91069342316795,1,507701
2898,3,2.0,1960,5.300614551553831,1,673473
2320,3,2.0,1975,1.6009490592832154,0,582306
1714,2,3.0,1991,4.495400809792021,1,481511
2286,2,1.0,1976,3.3591525661808315,0,556283
